Principal ID|Principal Name|Affiliation Type|Campus|Default Affiliation Indicator|Employee Status|Employee Type|Base Salary Amount|Primary Dept.|Employee ID|Primary Employment Indicator|Name Code|First Name|Last Name|Suffix|Name Default Indicator|Name Active Indicator|Phone Type|Phone Number|Phone Default Indicator|Phone Active Indicator|Email Type|Email Address|Email Default Indicator|Email Active Indicator|Visa Type|Office Location|Secondary Office Location|Is on Sabbatical|Unit|Job  Code|Job Title|Preferred Job Title
82506|maagaard@andrew.cmu.edu|S|PG|Y|A|P|0|210400|82506|Y|PRM|MARIT|AAGAARD||Y|Y|WRK|412-268-3648|Y|Y|WRK|maagaard@andrew.cmu.edu|Y|Y|N|PCA - 218||N|210400|2239|ADJUNCT INSTRUCT-STAFF AP|ADJUNCT INSTRUCTOR
86840|waaronso@andrew.cmu.edu|U|PG|Y|A|P|0|270210|86840|Y|PRM|WHITNEY|AARONSON||Y|Y|WRK||Y|Y|WRK|waaronso@andrew.cmu.edu|Y|Y|N|MG||N|000011|8003|UNDERGRAD-OTHER HRLY JOB|DESK SERVICE ASSISTANT
79072|mabadier@andrew.cmu.edu|G|PG|Y|A|P|0|220800|79072|Y|PRM|MINA|ABADIER||Y|Y|WRK|412-268-3036|Y|Y|WRK|mabadier@andrew.cmu.edu|Y|Y|Y|REH - 146||N|220800|7001|GRADUATE RESEARCH AP|GRADUATE RESEARCH ASST
89598|sabarji@andrew.cmu.edu|A|PG|Y|A|P|0|910530|89598|Y|PRM|SNEJANA|ABARJI||Y|Y|WRK|+974 4454 8400|Y|Y|WRK|sabarji@qatar.cmu.edu|Y|Y|Y|CMQ - 2010||N|910530|2282|VISITING PROFESSOR|VISITING PROF OF PHYSICS AND MATH
89541|sikandaa@andrew.cmu.edu|G|PG|Y|A|P|0|260200|89541|Y|PRM|SIKANDAR|ABBAS||Y|Y|WRK|412-268-3125|Y|Y|WRK|sikandaa@andrew.cmu.edu|Y|Y|Y|MI - 408||N|260200|7002|GRADUATE TEACHING AP|GRADUATE ASSISTANT
91185|sabboud@andrew.cmu.edu|U|PG|Y|A|P|0|270210|91185|Y|PRM|SIRIANA|ABBOUD||Y|Y|WRK|412-268-5669|Y|Y|WRK|sabboud@andrew.cmu.edu|Y|Y|N|BPH - 160||N|000011|8003|UNDERGRAD-OTHER HRLY JOB|LANGUAGE ASSISTANT
77469|nabcouwe@andrew.cmu.edu|G|PG|Y|A|P|0|270416|77469|Y|PRM|NEIL|ABCOUWER||Y|Y|WRK|717-497-2855|Y|Y|WRK|nabcouwe@andrew.cmu.edu|Y|Y|N|NSH - A403||N|000012|7013|GRAD-OTHER HOURLY JOB|STUDENT RESEARCHER
90509|rabdelaa@andrew.cmu.edu|G|CM|Y|A|P|0|135200|90509|Y|PRM|ROFAIDA|ABDELAAL||Y|Y|WRK|650-335-2800|Y|Y|WRK|rabdelaa@andrew.cmu.edu|Y|Y|Y|SILICONV19||N|135200|7001|GRADUATE RESEARCH AP|GRADUATE ASSISTANT
90667|aabdelga@andrew.cmu.edu|G|PG|N|T|O|0|220800|90667|N|PRM|AHMED|ABDELGAWAD||N|N|WRK|412-268-2700|N|N|WRK|aabdelga@andrew.cmu.edu|N|N|Y|WEH||N|220800|7001|GRADUATE RESEARCH AP|GRAD RESEARCH ASST
